dataset,model,eval_metrics/MSE[mean],eval_metrics/MSE[0.5],eval_metrics/MAE[0.5],eval_metrics/MASE[0.5],eval_metrics/MAPE[0.5],eval_metrics/sMAPE[0.5],eval_metrics/MSIS,eval_metrics/RMSE[mean],eval_metrics/NRMSE[mean],eval_metrics/ND[0.5],eval_metrics/mean_weighted_sum_quantile_loss,domain,num_variates
restaurant/D/short,t0-beta,136.594167367143,136.594167367143,6.986413677967684,0.6707553208217416,0.6304685037387924,0.38718336281171195,4.639370329009238,11.687350742026313,0.5378789604676409,0.3215309448179224,0.2521648255103921,Sales,1
bitbrains_fast_storage/H/short,t0-beta,3455725.348756308,3455725.348756308,344.5446580812105,0.968508967712865,4.2089491495963305,0.571725067796828,18.769346098014122,1858.958135288772,5.298634400696434,0.9820641698322593,0.7036461371888363,Web/CloudOps,2
electricity/H/short,t0-beta,1838584.8753153153,1838584.8753153153,175.48140906531532,0.9671219175463244,0.15451632626858114,0.1273308735065632,10.36643716815229,1355.9442744137073,0.6401025307636179,0.08283975688694313,0.06712008545842647,Energy,1
electricity/H/medium,t0-beta,4906239.108468468,4906239.108468468,228.875625,1.0275028077076687,0.24581623073726142,0.12520189714861346,8.454513840778061,2215.0031847535724,0.8645887368305912,0.08933769886749729,0.07090331337867106,Energy,1
electricity/H/long,t0-beta,6436073.533501501,6436073.533501501,250.4347987987988,1.1090914114512114,0.28373187998862237,0.1338410813156907,9.197734076513099,2536.9417678578084,1.000569082882411,0.09877141057421375,0.07828036664322394,Energy,1
m4_monthly/M/short,t0-beta,1960548.343962963,1960548.343962963,577.8451150173611,0.972104930724927,0.16403176244099935,0.13613737706784848,7.776374455947253,1400.1958234343376,0.29100876150812066,0.12009605260232059,0.09559910645834802,Econ/Fin,1
temperature_rain/D/short,t0-beta,185.5646345476322,185.5646345476322,5.7602038862508,1.3449714001282767,17.708649401206003,1.5365948853352793,19.096397671420423,13.622211074110995,1.6036943855384416,0.6781282848783033,0.5475699751114711,Nature,1
ett2/15T/short,t0-beta,6.955605933779762,6.955605933779762,1.6953771682012648,0.7374016506364268,0.10588209936788488,0.1252673103695824,4.961710822281644,2.637348276921302,0.12520430495560597,0.08048558540400044,0.06300378327180653,Energy,7
ett2/15T/medium,t0-beta,11.636054067460318,11.636054067460318,2.150683903769841,0.9127499764150226,0.14183665468368972,0.17708215138268849,6.862209641884883,3.4111660861735125,0.1817872153905955,0.11461383825208678,0.09153484924359813,Energy,7
ett2/15T/long,t0-beta,11.380885416666667,11.380885416666667,2.1644295634920634,0.9379866101427928,0.14821825119913742,0.18538308764260913,7.413074540192653,3.373556790194389,0.1797829479301052,0.11534636934013254,0.09451353065177491,Energy,7
bitbrains_rnd/5T/short,t0-beta,1697636.5446736207,1697636.5446736207,117.54137136717091,1.603074471800673,0.9470569918359625,0.6475877426679686,51.58176836917317,1302.933822062203,5.3312290425855595,0.480945357413617,0.38738880821819144,Web/CloudOps,2
bitbrains_rnd/5T/medium,t0-beta,2274628.1631284724,2274628.1631284724,142.73109157895632,4.34960629700498,0.33489661625604006,0.7021756835663294,158.74821869629872,1508.1870451401153,6.345710885801295,0.6005423826530346,0.615640817705441,Web/CloudOps,2
bitbrains_rnd/5T/long,t0-beta,3017703.556388792,3017703.556388792,196.83404468707084,3.277873735240452,1.882846368322962,0.6856476534926045,115.04228891160079,1737.1538666418678,6.65464537790046,0.7540269119755008,0.6814302304079268,Web/CloudOps,2
car_parts/M/short,t0-beta,1.5027777280436263,1.5027777280436263,0.4654279749153049,0.843829260914214,0.8460403246113615,1.904375692818354,15.283018274997248,1.2258783496104442,2.9395305312258087,1.116048540040618,0.990406179213585,Sales,1
ett1/D/short,t0-beta,46027.25714285715,46027.25714285715,145.5422123015873,1.7131636747309882,1.1103804330977183,0.48996218726748514,10.91534152949072,214.53964002686578,0.5634954808831267,0.382271448294623,0.28414246351371053,Energy,7
ett2/W/short,t0-beta,3141446.5714285714,3141446.5714285714,1183.043247767857,0.7782227133999129,0.1276721954345703,0.12816246918269567,9.525936502479718,1772.4126414096045,0.14867824787236328,0.0992391913293211,0.08907865419889066,Energy,7
jena_weather/10T/short,t0-beta,806.1917658730159,806.1917658730159,5.297564794146825,0.2606777797490682,0.3338032105786219,0.538126724485367,2.1495870496348304,28.393516264686486,0.17635932220501635,0.032904516922930935,0.0268913002895459,Nature,21
jena_weather/10T/medium,t0-beta,1467.6920634920634,1467.6920634920634,9.137726596320347,0.5849166451856791,0.7233025338288784,0.6409157140602453,5.135483414980489,38.31046937185791,0.23511069560507258,0.05607807190918948,0.04580662381671921,Nature,21
jena_weather/10T/long,t0-beta,1400.5292328042328,1400.5292328042328,9.376891121031745,0.6270801632151026,0.7810229327555778,0.6332048042741402,5.503473396392279,37.42364537033014,0.22900170310844067,0.057378804638874285,0.04677019497830035,Nature,21
bizitobs_service/10S/short,t0-beta,2288.817777777778,2288.817777777778,18.585325727513226,0.6931536125779871,0.052741912357390876,0.045087793743799606,5.2989706049112595,47.84159046037013,0.035442579670245715,0.013768603456870919,0.010853645548895619,Web/CloudOps,2
bizitobs_service/10S/medium,t0-beta,4760.609523809524,4760.609523809524,27.494174107142857,0.9389641252363723,0.058761838882688495,0.05250329880487351,9.790617221178156,68.99717040436893,0.05192889637221993,0.020692763336265577,0.020680296754785485,Web/CloudOps,2
bizitobs_service/10S/long,t0-beta,125667.51492063492,125667.51492063492,72.37679232804233,1.2461147357989166,0.07415491820643187,0.07234849072007275,16.50189832183001,354.4961423212316,0.26262207518838016,0.05361904158450553,0.04862343071987548,Web/CloudOps,2
bizitobs_l2c/5T/short,t0-beta,18.812387230282738,18.812387230282738,2.5068882533482144,0.26018892547233746,0.13541227462896066,0.2020866938999721,2.064395457267042,4.337324893327999,0.1489612930031274,0.08609668973784715,0.06877651602187697,Web/CloudOps,7
bizitobs_l2c/5T/medium,t0-beta,125.26926020408163,125.26926020408163,6.88319781037415,0.6700607721753795,0.4296834074909286,0.7907660867081208,3.5967151401953315,11.192375092181356,0.5888835208524063,0.36215742663309086,0.2644455374516615,Web/CloudOps,7
bizitobs_l2c/5T/long,t0-beta,178.7229365079365,178.7229365079365,8.200788690476191,0.7776625097374521,0.552298698296684,0.9648466176835317,5.184125958983361,13.368729801590595,0.7506341920723558,0.460462024769122,0.35006741311422346,Web/CloudOps,7
bitbrains_fast_storage/5T/short,t0-beta,1935799.4532629445,1935799.4532629445,160.07010866266643,0.647917742397361,1.8734827329001214,0.7261284859618096,12.750106249475424,1391.3301021910452,4.36843247708542,0.5025805595605296,0.39797178750152906,Web/CloudOps,2
bitbrains_fast_storage/5T/medium,t0-beta,2808844.7294187206,2808844.7294187206,258.15209148282554,0.9722758922344162,2.690548025795267,0.8130518186262391,20.69473975401464,1675.9608376745325,5.09203220081142,0.7843373979796058,0.6284936905513852,Web/CloudOps,2
bitbrains_fast_storage/5T/long,t0-beta,4651242.065786536,4651242.065786536,388.9218359768184,0.8650361891004692,3.9167490986571973,0.8262860019129069,15.52628454830802,2156.6738431637123,5.699445074077806,1.0278042965494016,0.7007366466916122,Web/CloudOps,2
solar/H/short,t0-beta,237.11167803175823,237.11167803175823,5.808577992940838,0.4457095380520307,1.9455432032441424,1.3468388525559452,2.8432281843053984,15.398431025002457,0.5675913118094166,0.21410612531935355,0.1659878744187483,Energy,1
solar/H/medium,t0-beta,301.18558394160584,301.18558394160584,6.641778816909976,0.5081563084085472,2.3775448766376366,1.356985391955596,3.2173753155448006,17.354699189026753,0.6251567708548857,0.23925237497272203,0.1850534350301733,Energy,1
solar/H/long,t0-beta,322.277899432279,322.277899432279,7.131545265612328,0.5419535269511049,3.22871162700274,1.3566404388730624,3.201343471180164,17.952100139879985,0.6224320286224476,0.2472636712307003,0.1887412072427827,Energy,1
ett2/D/short,t0-beta,110973.85396825397,110973.85396825397,202.38892609126984,1.3547299687773344,0.4022366962735615,0.14053958711170014,11.72223994532907,333.1273839963535,0.19065759113066957,0.11583252225373046,0.0936588495305948,Energy,7
m4_quarterly/Q/short,t0-beta,1887609.1866666668,1887609.1866666668,586.3037565104166,1.267744033602824,0.11552241516113282,0.10718711789449056,9.240379158891807,1373.9029029253365,0.22996715230574832,0.09813692436618326,0.07799002756449669,Econ/Fin,1
m4_weekly/W/short,t0-beta,259505.39532890508,259505.39532890508,257.1941289907864,2.083997978252326,0.06282400814143856,0.0626399218205954,14.646648652993047,509.4167207001603,0.09280783190790576,0.046856784477490004,0.03733066274018359,Econ/Fin,1
m4_daily/D/short,t0-beta,344413.01186251646,344413.01186251646,180.66844599133123,3.3759382564855183,0.037769771112965894,0.030847765061889885,25.399997338723143,586.8671160173456,0.09065475108244522,0.02790828205019456,0.022129589436378935,Econ/Fin,1
electricity/W/short,t0-beta,37615726023.72613,37615726023.72613,26400.920720720722,1.4743689739839554,0.24213858582012046,0.0960327724078754,11.617861280623274,193947.74044501298,0.4425247407315038,0.06023818875230588,0.04764853821129103,Energy,1
hospital/M/short,t0-beta,3279.7961755758365,3279.7961755758365,19.096927966101696,0.788719169921582,0.20095896814139913,0.18011300867404798,5.311151681818188,57.2695047610492,0.20790160107309447,0.06932628309421683,0.05527355779138263,Healthcare,1
ett1/15T/short,t0-beta,4.584504627046131,4.584504627046131,1.0496998378208706,0.6716919946910836,0.48820694633152173,0.2326343536376953,4.582716614104052,2.141145634244932,0.4047656503947753,0.19843696326835247,0.1535548017435021,Energy,7
ett1/15T/medium,t0-beta,9.338338293650793,9.338338293650793,1.5976785714285715,1.017100273113224,0.7679422366746854,0.3940156482514881,6.823298653705867,3.055869482430621,0.5824517448197027,0.3045191154071969,0.2348414038403322,Energy,7
ett1/15T/long,t0-beta,8.861032366071429,8.861032366071429,1.6168636842757937,1.0699131800314734,0.7564323936609078,0.4217698257688492,7.178963189796772,2.976748623258509,0.5673712308313318,0.3081758168850164,0.23808015012815126,Energy,7
bitbrains_rnd/H/short,t0-beta,2140133.375388943,2140133.375388943,163.01946847960446,5.836517559517431,1.7351476252123024,0.5327191103054004,198.7439369429793,1462.9194698919498,6.402451640548841,0.7134529855465881,0.6537963618049725,Web/CloudOps,2
sz_taxi/15T/short,t0-beta,16.543942331539988,16.543942331539988,2.7172293191427714,0.5419911954201502,993573034261.6882,0.39217816400586175,3.8251779100174352,4.067424532986443,0.38032158948844835,0.25407256244831167,0.19945321706578945,Transport,1
sz_taxi/15T/medium,t0-beta,16.46356670673077,16.46356670673077,2.7631681523771365,0.5395710608105092,10020488165939.637,0.4044859535673745,4.2185650025111165,4.0575320955884955,0.37762108780571896,0.2571589180096026,0.20701248844477182,Transport,1
sz_taxi/15T/long,t0-beta,16.819710425569802,16.819710425569802,2.7908122440349,0.5278811757755868,6227357513451.433,0.4021858237068198,4.289269641488455,4.101184027274295,0.3795982880548632,0.25831260998601985,0.2099680410457156,Transport,1
us_births/D/short,t0-beta,179502.26666666666,179502.26666666666,236.55059895833332,0.3482807777557235,0.02309116840362549,0.022521352767944335,3.0159641176326635,423.67707828801247,0.03971628814830833,0.02217469915494815,0.017885763032761823,Healthcare,1
m_dense/D/short,t0-beta,7537.706666666667,7537.706666666667,41.54405960648148,0.6321628560013135,0.11422105114755143,0.09141231960720486,6.861655106948568,86.81996698148801,0.1502982052003476,0.07191891235021763,0.060411622668243924,Transport,1
covid_deaths/D/short,t0-beta,670636.9122807018,670636.9122807018,135.66226503759398,34.76047001435856,0.09182997642615029,0.3682400581531955,570.3898205601112,818.9242408676774,0.30812423097013525,0.05104358742890056,0.04135474536924447,Healthcare,1
jena_weather/D/short,t0-beta,383.5908482142857,383.5908482142857,9.57598663814484,0.9873531287656789,0.6022965742650169,0.44885050455729164,6.24490082802044,19.585475440087883,0.11793657312463961,0.05766309078607046,0.0447940105491392,Nature,21
electricity/15T/short,t0-beta,143792.45876126125,143792.45876126125,52.36124806447072,1.014756520685577,0.1636876900675136,0.16769318864152238,12.476296729818044,379.1997610247945,0.747477474625052,0.10321434107888934,0.08688864561724334,Energy,1
electricity/15T/medium,t0-beta,285570.37874774775,285570.37874774775,55.30512260698198,0.8437517223148197,0.12376306832942903,0.13155685699737824,7.232664634630311,534.3878542292553,0.9208040847770407,0.09529629538278558,0.0767751436868359,Energy,1
electricity/15T/long,t0-beta,329594.3818858859,329594.3818858859,59.553944725975974,0.8901967029794591,0.12600020205109264,0.13336728464304148,7.290628602372629,574.1031108484659,0.9057180162588319,0.09395364640662306,0.07513848855024277,Energy,1
us_births/W/short,t0-beta,2472676.0,2472676.0,1232.4584263392858,1.1201058089086549,0.016666186707360402,0.016705341637134552,6.957879834771053,1572.4744830998054,0.021346186919997553,0.016730502289552657,0.012796404960182308,Healthcare,1
m4_hourly/H/short,t0-beta,2096653.191626409,2096653.191626409,251.65245068438003,0.7148467333081261,0.08345660149763172,0.07556519684968172,5.292914520672142,1447.9824555658156,0.1976815660920439,0.034356114171804564,0.025547695635252714,Econ/Fin,1
saugeen/W/short,t0-beta,908.0732421875,908.0732421875,13.890234375,1.126826437010076,0.34745011329650877,0.3718291759490967,9.15875655696345,30.13425363581285,0.9096275033921435,0.4192882746910669,0.3357738318070111,Nature,1
sz_taxi/H/short,t0-beta,7.079940926315438,7.079940926315438,1.8340716239733574,0.5582062535651829,1.1422689062917335,0.2938930478870359,3.9327696933766765,2.660815838481769,0.24787141495052722,0.17085508962329574,0.13472172861989673,Transport,1
ett2/H/short,t0-beta,98.05607328869047,98.05607328869047,6.069739350818453,0.7038750566215464,0.11641623178170182,0.10575265430268788,4.907037714355894,9.902326660370807,0.12558905432034634,0.07698118343146408,0.06070451760407322,Energy,7
ett2/H/medium,t0-beta,227.46305803571428,227.46305803571428,9.215070452008929,1.0204555610868224,0.16929433108146172,0.16379232860746837,7.576922759653382,15.081878465088966,0.20323801111018214,0.12417900033087516,0.09916143495452863,Energy,7
ett2/H/long,t0-beta,234.22268518518518,234.22268518518518,9.18913277116402,1.045707840865207,0.17576840908094132,0.17110589244378308,8.51277382335224,15.30433550289542,0.2095810956256274,0.1258381008221859,0.10332453043032602,Energy,7
solar/D/short,t0-beta,122177.61946472019,122177.61946472019,249.33678527980535,0.9728604125742312,1.057269925676703,0.4255382974072384,5.041053851572632,349.53915297820384,0.5049650214885766,0.36020672952926863,0.2727430615140285,Energy,1
loop_seattle/D/short,t0-beta,15.734146026831786,15.734146026831786,2.653700859455624,0.8066365937423092,0.04935906472220879,0.04895435880458269,6.530003027838257,3.96662905082285,0.07088896625189442,0.04742518351433672,0.03812476894593804,Transport,1
solar/10T/short,t0-beta,22.17640615495742,22.17640615495742,1.983497697593522,0.87062072240917,4.9819604265354664,1.5141268982667773,3.9154214156751843,4.709183172797318,1.3699008749938755,0.5769992654304956,0.42643170446790823,Energy,1
solar/10T/medium,t0-beta,22.272897312541474,22.272897312541474,1.8418353672445256,0.8059493090515457,3.5390705313244935,1.4503737537222439,4.133778878339075,4.719417052194209,1.047257346119731,0.4087105668682461,0.3086455546391152,Energy,1
solar/10T/long,t0-beta,22.097738065820153,22.097738065820153,1.873779178071776,0.8177089948486213,3.170528535258494,1.4575175771597115,4.329141695106506,4.700823126413091,1.0160076116796792,0.4049873514344435,0.306975161696653,Energy,1
us_births/M/short,t0-beta,51999098.666666664,51999098.666666664,6313.938802083333,0.7144204292204703,0.01942065730690956,0.019655222694079082,4.3432179232862955,7211.040054435051,0.022397441244825286,0.019611050871379918,0.014121337248552777,Healthcare,1
saugeen/D/short,t0-beta,1284.7711458333333,1284.7711458333333,13.499195149739583,2.999662633750051,0.28938326517740887,0.3357800801595052,25.50665256823322,35.84370441002622,1.1609861261559773,0.4372421472914454,0.352637577399493,Nature,1
saugeen/M/short,t0-beta,402.2320498511905,402.2320498511905,12.68707275390625,0.7434656104959451,0.3617228553408668,0.3620125679742722,4.516975929537402,20.05572361823902,0.6021329896268705,0.3809039849340498,0.290641981850073,Nature,1
loop_seattle/5T/short,t0-beta,45.158086925148346,45.158086925148346,3.5451542998984134,0.5600905090546504,0.08896303541027971,0.07630807504565354,4.046621044214066,6.71997670569983,0.11523276799545443,0.0607915712865165,0.04760212193488708,Transport,1
loop_seattle/5T/medium,t0-beta,68.39539900993292,68.39539900993292,4.666365887432276,0.7428462286165818,0.14112088749652307,0.10698199355811404,5.369799421064756,8.270151087491262,0.14714297776534807,0.0830242355617849,0.0651880699977548,Transport,1
loop_seattle/5T/long,t0-beta,80.10509287925697,80.10509287925697,5.002051728586172,0.7921787271540384,0.1499536499541337,0.11376233328675037,5.865114487831409,8.950144852417584,0.1582403913971416,0.08843729753786275,0.06958483424202425,Transport,1
bizitobs_application/10S/short,t0-beta,359819.02222222224,359819.02222222224,316.12305555555554,0.8106394764816022,0.012232832378811306,0.012294125027126736,6.87613211811606,599.8491662261624,0.023133784675702176,0.012191602672812545,0.009790815941642399,Web/CloudOps,2
bizitobs_application/10S/medium,t0-beta,3621427.2,3621427.2,1044.6386458333334,2.1416595569791377,0.030746533075968425,0.03144927978515625,26.469983173023174,1903.004781917271,0.07472539690816185,0.04101988506663358,0.03568999608773947,Web/CloudOps,2
bizitobs_application/10S/long,t0-beta,4835566.364444445,4835566.364444445,1341.2076388888888,2.7711330272652535,0.03988938225640191,0.04080809275309245,31.422941386784025,2198.992124689046,0.08480633662653322,0.051725017671799545,0.04448434074447583,Web/CloudOps,2
hierarchical_sales/D/short,t0-beta,29.05407451426209,29.05407451426209,2.3170161675795784,0.7453529579963077,0.6393476621077979,1.065745869289996,6.730757870842948,5.390183161476249,1.6536485012633064,0.7108349008072391,0.5741157958587494,Sales,1
kdd_cup_2018/D/short,t0-beta,2861.8019815147286,2861.8019815147286,20.994900758029125,1.1915896882359835,0.5454903838561407,0.4621771155412594,9.015935802411489,53.49581274749201,1.1983629722026012,0.4703080555528144,0.36995740755939927,Nature,1
bizitobs_l2c/H/short,t0-beta,56.35401165674603,56.35401165674603,4.493197002108135,0.44468106580399114,0.3794335015386129,0.616363040984623,2.739628552348703,7.506930907950734,0.4046428015208705,0.2421948256900281,0.18730397910801264,Web/CloudOps,7
bizitobs_l2c/H/medium,t0-beta,81.2420665922619,81.2420665922619,5.05535888671875,0.5143057594848854,0.46896193772968814,0.7837066650390625,3.7808400597069967,9.013438111634311,0.5457773682857596,0.30610965924001987,0.244741596072051,Web/CloudOps,7
bizitobs_l2c/H/long,t0-beta,92.5447978670635,92.5447978670635,5.561100260416667,0.5857303195393877,0.5659356159402626,0.814336673797123,4.6480928474495995,9.620020679139078,0.5876186281713001,0.33968805422999837,0.2695793647086819,Web/CloudOps,7
solar/W/short,t0-beta,1155638.6569343065,1155638.6569343065,827.3156364051094,0.8965450781315228,0.17661072389922872,0.16236017046183565,7.532603742137897,1075.0063520437013,0.2194356729373451,0.16887580530199792,0.13194160472718305,Energy,1
kdd_cup_2018/H/short,t0-beta,4406.344083078462,4406.344083078462,21.783780792959853,0.9078397216919075,0.7891294793719307,0.4823042382417406,7.221949321956604,66.38029890772158,1.389459880448777,0.4559739855704013,0.3655392071722784,Nature,1
kdd_cup_2018/H/medium,t0-beta,5225.8596446578,5225.8596446578,25.091817212463745,1.027432987735813,0.8939194867833773,0.5551278450851935,8.089072101136654,72.29010751588214,1.5131628737914404,0.5252171776549038,0.41825300765460116,Nature,1
kdd_cup_2018/H/long,t0-beta,4082.0991674527336,4082.0991674527336,23.561966475471788,0.991476092812626,0.9865812432242375,0.5948186968672553,7.292299622505377,63.89130744829639,1.4991482507627936,0.5528589449326877,0.4344638961847138,Nature,1
loop_seattle/H/short,t0-beta,62.349666554641246,62.349666554641246,4.107315896407039,0.8348530260579735,0.11350021374736485,0.0939926015683877,6.7646305280842185,7.896180504183098,0.13977042465607875,0.0727036681511204,0.058157888154458055,Transport,1
loop_seattle/H/medium,t0-beta,67.4264125386997,67.4264125386997,4.298811597007224,0.8809050380969184,0.12244548029943886,0.09853897960808501,6.509500307948959,8.211358751065484,0.14513483037458272,0.07598100519758388,0.060085291322365016,Transport,1
loop_seattle/H/long,t0-beta,63.04457344341245,63.04457344341245,4.1639789194186445,0.8687271346476151,0.13932173249645252,0.0964077230741529,6.504975452569321,7.940061299726373,0.1418995256567648,0.07441587806515247,0.05876132719792135,Transport,1
m_dense/H/short,t0-beta,45562.36444444444,45562.36444444444,86.87010416666666,0.7795996791131288,0.2862720004053065,0.20546715630425347,8.775377137959792,213.45342453201457,0.37861318593558607,0.15408591814916,0.1275525532466034,Transport,1
m_dense/H/medium,t0-beta,39623.955555555556,39623.955555555556,79.38862847222222,0.6855729232977441,0.25393326521235454,0.18687008327907986,8.020623156596411,199.0576689192244,0.34633519565505594,0.13812618385414155,0.11457975445427022,Transport,1
m_dense/H/long,t0-beta,37145.29975308642,37145.29975308642,78.95776234567901,0.6852747696161027,0.2506979765724171,0.18662178698881174,7.553152373125876,192.7311592687763,0.3336461275403046,0.1366875587000704,0.1128046178278715,Transport,1
jena_weather/H/short,t0-beta,1167.9612573099416,1167.9612573099416,8.614643705618212,0.5232256145007129,1.3004162808764623,0.6066096026198309,4.453663038840887,34.17544816545851,0.20949329714804085,0.05280721133218717,0.0415751697891857,Nature,21
jena_weather/H/medium,t0-beta,1245.9874007936507,1245.9874007936507,9.98141586061508,0.7767287834832336,2.2526959091801,0.6599518791077629,5.926818643645215,35.29854672353595,0.21599806770781255,0.061078053886094975,0.04946375844066135,Nature,21
jena_weather/H/long,t0-beta,1133.9798941798942,1133.9798941798942,10.448097511574074,0.8452462401777714,2.114489165743352,0.6345658493584444,6.2937754525383225,33.67461795150606,0.20275850904177536,0.0629091227351281,0.051835721004822144,Nature,21
ett1/W/short,t0-beta,1090172.0,1090172.0,844.4095982142857,1.560595869899014,0.6118084362574986,0.5458573954445975,9.28498009193484,1044.1130207022609,0.41547749156486924,0.3360107332857542,0.24981814980932673,Energy,7
hierarchical_sales/W/short,t0-beta,461.0343617584746,461.0343617584746,8.912559379965572,0.7171355054091823,0.5311842008813231,0.4537871409270723,6.701503094714111,21.471710731995124,0.9857767423007963,0.40917996059126777,0.3492054719752016,Sales,1
ett1/H/short,t0-beta,88.3958519345238,88.3958519345238,4.747239176432291,0.8002926663008942,0.41683349609375,0.2570030939011347,5.578608386502689,9.401906824390668,0.4388254562882875,0.22157307412398716,0.17232252041747034,Energy,7
ett1/H/medium,t0-beta,150.8288132440476,150.8288132440476,7.645396786644345,1.4055941866730115,4120685071839.35,0.47311092558361234,8.73491160235779,12.281238261838569,0.5882422001694516,0.36619638273110483,0.2775021582866951,Energy,7
ett1/H/long,t0-beta,161.3621693121693,161.3621693121693,7.947582878637566,1.4805062036473813,3904757912593.6772,0.5014904203869047,8.644693105015932,12.70284099373716,0.6083115427465815,0.38059253078850036,0.2868226822110302,Energy,7
electricity/D/short,t0-beta,1185515887.9757838,1185515887.9757838,4142.793081081081,1.4044648709426493,0.22686313305459022,0.09295236398507883,11.666093020384737,34431.32132195603,0.5658209560624753,0.06807984857704377,0.05375176083495796,Energy,1
m4_yearly/A/short,t0-beta,4115873.859957633,4115873.859957633,969.0808849133804,3.635178449998207,0.17298486204322516,0.16514919778363302,30.233000106878805,2028.7616567644493,0.3253213356698411,0.15539661191888166,0.12507952462755437,Econ/Fin,1
